------------------------------------------------------------
-- β™οΈ 1. κΈ°μ΅΄ λ°μ΄ν„° / ν…μ΄λΈ” μ κ±°
------------------------------------------------------------
BEGIN
    EXECUTE IMMEDIATE 'DROP TABLE tblCarReservation CASCADE CONSTRAINTS';
    EXECUTE IMMEDIATE 'DROP TABLE tblAccomReservation CASCADE CONSTRAINTS';
    EXECUTE IMMEDIATE 'DROP TABLE tblReservation CASCADE CONSTRAINTS';
    EXECUTE IMMEDIATE 'DROP TABLE tblRentalCar CASCADE CONSTRAINTS';
    EXECUTE IMMEDIATE 'DROP TABLE tblAccomRoom CASCADE CONSTRAINTS';
    EXECUTE IMMEDIATE 'DROP TABLE tblAccom CASCADE CONSTRAINTS';
    EXECUTE IMMEDIATE 'DROP TABLE tblPlace CASCADE CONSTRAINTS';
    EXECUTE IMMEDIATE 'DROP TABLE tblPlaceType CASCADE CONSTRAINTS';
    EXECUTE IMMEDIATE 'DROP TABLE tblPlaceLocation CASCADE CONSTRAINTS';
EXCEPTION
    WHEN OTHERS THEN NULL;
END;
/
------------------------------------------------------------
-- β™οΈ 2. μ‹ν€€μ¤ μ κ±°
------------------------------------------------------------
BEGIN
    EXECUTE IMMEDIATE 'DROP SEQUENCE seqPlace';
    EXECUTE IMMEDIATE 'DROP SEQUENCE seqAccom';
    EXECUTE IMMEDIATE 'DROP SEQUENCE seqAccomRoom';
    EXECUTE IMMEDIATE 'DROP SEQUENCE seqRentalCar';
    EXECUTE IMMEDIATE 'DROP SEQUENCE seqReservation';
EXCEPTION
    WHEN OTHERS THEN NULL;
END;
/

------------------------------------------------------------
-- π§­ 3. μ§€μ—­ ν…μ΄λΈ”
------------------------------------------------------------
CREATE TABLE tblPlaceLocation (
    place_location_id   NUMBER PRIMARY KEY,
    location_name       VARCHAR2(50) NOT NULL
);

CREATE SEQUENCE seqPlaceLocation;

------------------------------------------------------------
-- π· 4. μ¥μ†μ ν• ν…μ΄λΈ”
------------------------------------------------------------
CREATE TABLE tblPlaceType (
    place_type_id   NUMBER PRIMARY KEY,
    place_type_name VARCHAR2(50) NOT NULL
);

Drop table tblPlaceType;
CREATE SEQUENCE seqPlaceType;

------------------------------------------------------------
-- π™ 5. μ¥μ† κΈ°λ³Έμ •λ³΄ (μ™μ† λ“±)
------------------------------------------------------------
CREATE TABLE tblPlace (
    place_id              NUMBER PRIMARY KEY,
    place_type_id         NUMBER NOT NULL,
    place_location_id     NUMBER NOT NULL,
    place_name            VARCHAR2(200) NOT NULL,
    place_address         VARCHAR2(400) NOT NULL,
    place_lat             NUMBER NOT NULL,
    place_lng             NUMBER NOT NULL,
    place_main_image_url  VARCHAR2(500) DEFAULT 'https://cdn.pixabay.com/photo/2016/11/18/15/07/hotel-1831072_1280.jpg',
    place_description     VARCHAR2(1000),
    CONSTRAINT fk_place_type FOREIGN KEY (place_type_id) REFERENCES tblPlaceType(place_type_id),
    CONSTRAINT fk_place_location FOREIGN KEY (place_location_id) REFERENCES tblPlaceLocation(place_location_id)
);

CREATE SEQUENCE seqPlace;

------------------------------------------------------------
-- π¨ 6. μ™μ† κ΄€λ¦¬ ν…μ΄λΈ”
------------------------------------------------------------
CREATE TABLE tblAccom (
    accom_id      NUMBER PRIMARY KEY,
    place_id      NUMBER NOT NULL,
    accom_type    VARCHAR2(50) DEFAULT 'νΈν…”' NOT NULL,
    accom_tel     VARCHAR2(50),
    accom_regdate DATE DEFAULT SYSDATE NOT NULL,
    CONSTRAINT fk_accom_place FOREIGN KEY (place_id) REFERENCES tblPlace(place_id)
);

CREATE SEQUENCE seqAccom;

------------------------------------------------------------
-- π›οΈ 7. κ°μ‹¤ ν…μ΄λΈ”
------------------------------------------------------------
CREATE TABLE tblAccomRoom (
    room_id         NUMBER PRIMARY KEY,
    accom_id        NUMBER NOT NULL,
    room_name       VARCHAR2(100) NOT NULL,
    room_type       VARCHAR2(50) DEFAULT 'μ¤νƒ λ‹¤λ“' NOT NULL,
    capacity        NUMBER DEFAULT 2 NOT NULL,
    price_per_night NUMBER DEFAULT 0 NOT NULL,
    room_area       VARCHAR2(50),
    room_image_url  VARCHAR2(500) DEFAULT 'https://cdn.pixabay.com/photo/2017/03/28/12/13/hotel-room-2182652_1280.jpg',
    room_status     CHAR(1) DEFAULT 'y' NOT NULL,
    room_regdate    DATE DEFAULT SYSDATE NOT NULL,
    CONSTRAINT fk_room_accom FOREIGN KEY (accom_id) REFERENCES tblAccom(accom_id)
);

CREATE SEQUENCE seqAccomRoom;

------------------------------------------------------------
-- π— 8. μ°¨λ‰ ν…μ΄λΈ”
------------------------------------------------------------
CREATE TABLE tblRentalCar (
    car_id              NUMBER PRIMARY KEY,
    place_location_id   NUMBER NOT NULL,
    car_name            VARCHAR2(100) NOT NULL,
    car_type            VARCHAR2(50) DEFAULT 'μ„Έλ‹¨' NOT NULL,
    car_number          VARCHAR2(30) UNIQUE NOT NULL,
    car_fuel_type       VARCHAR2(30) DEFAULT 'νλ°μ ' NOT NULL,
    car_seats           NUMBER DEFAULT 5 NOT NULL,
    car_price_per_day   NUMBER DEFAULT 0 NOT NULL,
    car_image_url       VARCHAR2(500) DEFAULT 'https://cdn.pixabay.com/photo/2016/11/22/19/14/car-1846911_1280.jpg',
    car_status          CHAR(1) DEFAULT 'y' NOT NULL,
    car_regdate         DATE DEFAULT SYSDATE NOT NULL,
    CONSTRAINT fk_car_location FOREIGN KEY (place_location_id) REFERENCES tblPlaceLocation(place_location_id)
);

CREATE SEQUENCE seqRentalCar;

-------------------------------------------------
-- 4οΈβƒ£ μμ•½ μƒνƒ ν…μ΄λΈ”
-------------------------------------------------
CREATE TABLE tblReservationStatus (
    status_id       NUMBER          NOT NULL,
    status_name     VARCHAR2(50)    UNIQUE  NOT NULL,
    status_desc     VARCHAR2(500)   NULL,
    CONSTRAINT PK_tblReservationStatus PRIMARY KEY (status_id)
);
drop table tblReservationStatus;

CREATE SEQUENCE seqReservationStatus START WITH 1 INCREMENT BY 1 NOCACHE NOCYCLE;

------------------------------------------------------------
-- π“… 9. ν†µν•© μμ•½ ν…μ΄λΈ” (tblUserRoute ν…μ΄λΈ”μμ–΄μ•Όν•¨)
------------------------------------------------------------
CREATE TABLE tblReservation (
    reservation_id         NUMBER PRIMARY KEY,
    user_id                NUMBER NOT NULL,
    user_route_id          NUMBER,
    status_id              NUMBER NOT NULL,
    reservation_price      NUMBER DEFAULT 0 NOT NULL,
    reservation_start_date DATE NOT NULL,
    reservation_end_date   DATE NOT NULL,
    reservation_regdate    DATE DEFAULT SYSDATE NOT NULL,
    CONSTRAINT FK_tblUser_TO_tblReservation 
        FOREIGN KEY (user_id) REFERENCES tblUser (user_id),
    CONSTRAINT FK_tblUserRoute_TO_tblReservation 
        FOREIGN KEY (user_route_id) REFERENCES tblUserRoute (user_route_id),
    CONSTRAINT FK_tblReservationStatus_TO_tblReservation 
        FOREIGN KEY (status_id) REFERENCES tblReservationStatus (status_id)
);

CREATE SEQUENCE seqReservation;

------------------------------------------------------------
-- π¨ κ°μ‹¤ μμ•½ ν…μ΄λΈ”
------------------------------------------------------------
CREATE TABLE tblAccomReservation (
    accom_reservation_id  NUMBER PRIMARY KEY,
    room_id               NUMBER NOT NULL,
    reservation_id        NUMBER NOT NULL,
    user_route_id         NUMBER NOT NULL,
    status_id             NUMBER NOT NULL,
    guest_count           NUMBER DEFAULT 2 NOT NULL,
    room_total_price      NUMBER DEFAULT 0 NOT NULL,
    checkin_date          DATE NOT NULL,
    checkout_date         DATE NOT NULL,
    accom_notes           VARCHAR2(500),

    CONSTRAINT fk_accom_reservation FOREIGN KEY (reservation_id)
        REFERENCES tblReservation(reservation_id),
    CONSTRAINT fk_accom_resv_status FOREIGN KEY (status_id)
        REFERENCES tblReservationStatus(status_id),
    CONSTRAINT fk_accom_resv_route FOREIGN KEY (user_route_id)
        REFERENCES tblUserRoute(user_route_id),
    CONSTRAINT fk_accom_resv_room FOREIGN KEY (room_id)
        REFERENCES tblAccomRoom(room_id)
);

CREATE SEQUENCE seqAccomReservation;



------------------------------------------------------------
-- π— μ°¨λ‰ μμ•½ ν…μ΄λΈ”
------------------------------------------------------------
CREATE TABLE tblCarReservation (
    car_reservation_id   NUMBER PRIMARY KEY,
    car_id               NUMBER,
    reservation_id       NUMBER NOT NULL,
    user_route_id        NUMBER NOT NULL,
    status_id            NUMBER NOT NULL,
    pickup_date          DATE,
    dropoff_date         DATE,
    pickup_location      VARCHAR2(300),
    dropoff_location     VARCHAR2(300),
    car_total_price      NUMBER DEFAULT 0 NOT NULL,
    car_notes            VARCHAR2(500),
    
    CONSTRAINT fk_car_reservation FOREIGN KEY (reservation_id)
        REFERENCES tblReservation(reservation_id),
    CONSTRAINT fk_car_resv_status FOREIGN KEY (status_id)
        REFERENCES tblReservationStatus(status_id),
    CONSTRAINT fk_car_resv_route FOREIGN KEY (user_route_id)
        REFERENCES tblUserRoute(user_route_id),
    CONSTRAINT fk_car FOREIGN KEY (car_id)
        REFERENCES tblRentalCar(car_id)
);

CREATE SEQUENCE seqCarReservation;


------------------------------------------------------------
-- π 10. μ§€μ—­ λ°μ΄ν„°
------------------------------------------------------------
INSERT INTO tblPlaceLocation VALUES (1, 'λ¶€μ‚°');
INSERT INTO tblPlaceLocation VALUES (2, 'μ„μΈ');
INSERT INTO tblPlaceLocation VALUES (3, 'μ μ£Ό');
INSERT INTO tblPlaceLocation VALUES (4, 'κ°•λ¦‰');
INSERT INTO tblPlaceLocation VALUES (5, 'λ€κµ¬');
INSERT INTO tblPlaceLocation VALUES (6, 'μ „μ£Ό');
INSERT INTO tblPlaceLocation VALUES (7, 'μΈμ²');
INSERT INTO tblPlaceLocation VALUES (8, 'μ—¬μ');
INSERT INTO tblPlaceLocation VALUES (9, 'μΈμ‚°');
INSERT INTO tblPlaceLocation VALUES (10, 'μμ›');

------------------------------------------------------------
-- π· 11. μ¥μ†μ ν• λ°μ΄ν„°
------------------------------------------------------------
INSERT INTO tblPlaceType VALUES (1, 'μ™μ†');
INSERT INTO tblPlaceType VALUES (2, 'κ΄€κ΄‘μ§€');
INSERT INTO tblPlaceType VALUES (3, 'μ‹λ‹Ή');
INSERT INTO tblPlaceType VALUES (4, 'ν–‰μ‚¬μ¥');

------------------------------------------------------------
-- π¨ 12. μ™μ† + κ°μ‹¤ λ°μ΄ν„° (10κ°)
------------------------------------------------------------

-- 1. μ„μΈ μ‹ λΌνΈν…”
INSERT INTO tblPlace VALUES (seqPlace.NEXTVAL, 1, 2, 'μ„μΈ μ‹ λΌνΈν…”', 'μ„μΈνΉλ³„μ‹ μ¤‘κµ¬ λ™νΈλ΅ 249', 37.5574, 127.0025, NULL, 'μ „ν†µκ³Ό ν’κ²©μ μ„μΈ λ€ν‘ νΈν…”.');
INSERT INTO tblAccom VALUES (seqAccom.NEXTVAL, seqPlace.CURRVAL, 'νΈν…”', '02-2233-3131', SYSDATE);
INSERT INTO tblAccomRoom VALUES (seqAccomRoom.NEXTVAL, seqAccom.CURRVAL, 'ν”„λ¦¬λ―Έμ–΄ λ”λΈ”λ£Έ', 'λ”λΈ”λ£Έ', 2, 350000, '46γ΅', NULL, 'y', SYSDATE);

-- 2. ν•΄μ΄λ€ μ„Όν…€ νΈν…” (λ¶€μ‚°)
INSERT INTO tblPlace VALUES (seqPlace.NEXTVAL, 1, 1, 'ν•΄μ΄λ€ μ„Όν…€ νΈν…”', 'λ¶€μ‚°κ΄‘μ—­μ‹ ν•΄μ΄λ€κµ¬ μ„Όν…€1λ΅ 20', 35.1693, 129.1293, NULL, 'λ¶€μ‚° ν•΄μ΄λ€ μ¤‘μ‹¬μ κ³ κΈ‰ λΉ„μ¦λ‹μ¤ νΈν…”.');
INSERT INTO tblAccom VALUES (seqAccom.NEXTVAL, seqPlace.CURRVAL, 'νΈν…”', '051-720-9000', SYSDATE);
INSERT INTO tblAccomRoom VALUES (seqAccomRoom.NEXTVAL, seqAccom.CURRVAL, 'λ””λ­μ¤ νΈμλ£Έ', 'νΈμλ£Έ', 2, 120000, '28γ΅', NULL, 'y', SYSDATE);

-- 3. ν•΄λΉ„μΉ λ¦¬μ΅°νΈ μ μ£Ό
INSERT INTO tblPlace VALUES (seqPlace.NEXTVAL, 1, 3, 'ν•΄λΉ„μΉ λ¦¬μ΅°νΈ μ μ£Ό', 'μ μ£ΌνΉλ³„μμΉλ„ μ„κ·€ν¬μ‹ ν‘μ„ λ©΄ λ―Όμ†ν•΄μ•λ΅ 537', 33.3234, 126.8412, NULL, 'μ μ£Ό λ€ν‘ λ­μ…”λ¦¬ λ¦¬μ΅°νΈ.');
INSERT INTO tblAccom VALUES (seqAccom.NEXTVAL, seqPlace.CURRVAL, 'λ¦¬μ΅°νΈ', '064-780-8000', SYSDATE);
INSERT INTO tblAccomRoom VALUES (seqAccomRoom.NEXTVAL, seqAccom.CURRVAL, 'μ¤μ…λ·° μ¤μ„νΈ', 'μ¤μ„νΈλ£Έ', 4, 280000, '52γ΅', NULL, 'y', SYSDATE);

-- 4. κΈ€λλ“ μ—¬μλ„
INSERT INTO tblPlace VALUES (seqPlace.NEXTVAL, 1, 2, 'κΈ€λλ“ μ—¬μλ„', 'μ„μΈνΉλ³„μ‹ μλ“±ν¬κµ¬ μμ‚¬λ‹Ήλ€λ΅ 16', 37.5262, 126.9256, NULL, 'λΉ„μ¦λ‹μ¤ μ—¬ν–‰κ°μ— μµμ ν™”λ νΈν…”.');
INSERT INTO tblAccom VALUES (seqAccom.NEXTVAL, seqPlace.CURRVAL, 'νΈν…”', '02-6222-5000', SYSDATE);
INSERT INTO tblAccomRoom VALUES (seqAccomRoom.NEXTVAL, seqAccom.CURRVAL, 'λ””λ­μ¤ λ”λΈ”λ£Έ', 'λ”λΈ”λ£Έ', 2, 160000, '30γ΅', NULL, 'y', SYSDATE);

-- 5. λΌλ°μ¤ νΈν…” λ¶€μ‚°
INSERT INTO tblPlace VALUES (seqPlace.NEXTVAL, 1, 1, 'λΌλ°μ¤ νΈν…” λ¶€μ‚°', 'λ¶€μ‚°κ΄‘μ—­μ‹ μλ„κµ¬ νƒμΆ…λ΅ 82', 35.0919, 129.0456, NULL, 'λ¶€μ‚°ν•­κ³Ό λ‚¨ν¬λ™μ„ μ΅°λ§ν•  μ μλ” μ¤μ…λ·° νΈν…”.');
INSERT INTO tblAccom VALUES (seqAccom.NEXTVAL, seqPlace.CURRVAL, 'νΈν…”', '051-790-1500', SYSDATE);
INSERT INTO tblAccomRoom VALUES (seqAccomRoom.NEXTVAL, seqAccom.CURRVAL, 'μ¤μ… λ””λ­μ¤λ£Έ', 'λ”λΈ”λ£Έ', 2, 180000, '36γ΅', NULL, 'y', SYSDATE);

-- 6. λ΅―λ°νΈν…” μ„μΈ
INSERT INTO tblPlace VALUES (seqPlace.NEXTVAL, 1, 2, 'λ΅―λ°νΈν…” μ„μΈ', 'μ„μΈνΉλ³„μ‹ μ¤‘κµ¬ μ„μ§€λ΅ 30', 37.5648, 126.9832, NULL, 'μ„μΈ μ¤‘μ‹¬μ— μ„μΉν• λ­μ…”λ¦¬ νΈν…”.');
INSERT INTO tblAccom VALUES (seqAccom.NEXTVAL, seqPlace.CURRVAL, 'νΈν…”', '02-771-1000', SYSDATE);
INSERT INTO tblAccomRoom VALUES (seqAccomRoom.NEXTVAL, seqAccom.CURRVAL, 'μ΄κ·Έμ νν‹°λΈ μ¤μ„νΈ', 'μ¤μ„νΈλ£Έ', 2, 400000, '55γ΅', NULL, 'y', SYSDATE);

-- 7. λ©”μΆ…κΈ€λλ“ μ μ£Ό
INSERT INTO tblPlace VALUES (seqPlace.NEXTVAL, 1, 3, 'λ©”μΆ…κΈ€λλ“ μ μ£Ό', 'μ μ£ΌνΉλ³„μμΉλ„ μ μ£Όμ‹ λ…Έμ—°λ΅ 80', 33.4860, 126.4880, NULL, 'κ³µν•­ μ ‘κ·Όμ„±μ΄ λ›°μ–΄λ‚ ν”„λ¦¬λ―Έμ—„ νΈν…”.');
INSERT INTO tblAccom VALUES (seqAccom.NEXTVAL, seqPlace.CURRVAL, 'νΈν…”', '064-747-4900', SYSDATE);
INSERT INTO tblAccomRoom VALUES (seqAccomRoom.NEXTVAL, seqAccom.CURRVAL, 'λ””λ­μ¤ νΈμλ£Έ', 'νΈμλ£Έ', 2, 130000, '29γ΅', NULL, 'y', SYSDATE);

-- 8. νλΌλ‹¤μ΄μ¤ νΈν…” λ¶€μ‚°
INSERT INTO tblPlace VALUES (seqPlace.NEXTVAL, 1, 1, 'νλΌλ‹¤μ΄μ¤ νΈν…” λ¶€μ‚°', 'λ¶€μ‚°κ΄‘μ—­μ‹ ν•΄μ΄λ€κµ¬ ν•΄μ΄λ€ν•΄λ³€λ΅ 296', 35.1580, 129.1635, NULL, 'ν•΄μ΄λ€ ν•΄λ³€ μ• λ­μ…”λ¦¬ νΈν…”.');
INSERT INTO tblAccom VALUES (seqAccom.NEXTVAL, seqPlace.CURRVAL, 'νΈν…”', '051-742-2121', SYSDATE);
INSERT INTO tblAccomRoom VALUES (seqAccomRoom.NEXTVAL, seqAccom.CURRVAL, 'μ¤μ… ν”„λ¦¬λ―Έμ–΄λ£Έ', 'μ¤μ„νΈλ£Έ', 3, 380000, '50γ΅', NULL, 'y', SYSDATE);

-- 9. λΌμ¨ λ¦¬μ΅°νΈ κ°•λ¦‰
INSERT INTO tblPlace VALUES (seqPlace.NEXTVAL, 1, 4, 'λΌμ¨ λ¦¬μ΅°νΈ κ°•λ¦‰', 'κ°•μ›νΉλ³„μμΉλ„ κ°•λ¦‰μ‹ λ‚μ„¤ν—λ΅ 200', 37.7654, 128.8962, NULL, 'μμ—° μ† νλ§ λ¦¬μ΅°νΈ.');
INSERT INTO tblAccom VALUES (seqAccom.NEXTVAL, seqPlace.CURRVAL, 'λ¦¬μ΅°νΈ', '033-650-9000', SYSDATE);
INSERT INTO tblAccomRoom VALUES (seqAccomRoom.NEXTVAL, seqAccom.CURRVAL, 'ν¨λ°€λ¦¬ μ¤μ„νΈλ£Έ', 'μ¤μ„νΈλ£Έ', 4, 210000, '48γ΅', NULL, 'y', SYSDATE);

-- 10. μ—¬μ λ§λ¦¬λ‚ νΈν…”
INSERT INTO tblPlace VALUES (seqPlace.NEXTVAL, 1, 8, 'μ—¬μ λ§λ¦¬λ‚ νΈν…”', 'μ „λΌλ‚¨λ„ μ—¬μμ‹ λμ‚°μ μ°λ‘λ¦¬ 889', 34.7421, 127.7455, NULL, 'λ‚¨ν•΄ λ°”λ‹¤ μ „λ§μ΄ μ•„λ¦„λ‹¤μ΄ νΈν…”.');
INSERT INTO tblAccom VALUES (seqAccom.NEXTVAL, seqPlace.CURRVAL, 'νΈν…”', '061-681-8000', SYSDATE);
INSERT INTO tblAccomRoom VALUES (seqAccomRoom.NEXTVAL, seqAccom.CURRVAL, 'μ¤μ…λ·° νΈμλ£Έ', 'νΈμλ£Έ', 2, 140000, '32γ΅', NULL, 'y', SYSDATE);

------------------------------------------------------------
-- π— 13. μ°¨λ‰ λ°μ΄ν„° (10λ€)
------------------------------------------------------------
INSERT INTO tblRentalCar VALUES (seqRentalCar.NEXTVAL, 1, 'μλ‚νƒ€', 'μ„Έλ‹¨', '12κ°€3456', 'νλ°μ ', 5, 85000, NULL, 'y', SYSDATE);
INSERT INTO tblRentalCar VALUES (seqRentalCar.NEXTVAL, 2, 'κ·Έλμ €', 'μ„Έλ‹¨', '23λ‚5678', 'LPG', 5, 110000, NULL, 'y', SYSDATE);
INSERT INTO tblRentalCar VALUES (seqRentalCar.NEXTVAL, 3, 'μ¤ν¬ν‹°μ§€', 'SUV', '34λ‹¤9876', 'λ””μ ¤', 5, 95000, NULL, 'y', SYSDATE);
INSERT INTO tblRentalCar VALUES (seqRentalCar.NEXTVAL, 4, 'μΉ΄λ‹λ°', 'μΉν•©μ°¨', '45λΌ2233', 'λ””μ ¤', 9, 135000, NULL, 'y', SYSDATE);
INSERT INTO tblRentalCar VALUES (seqRentalCar.NEXTVAL, 5, 'μ•„λ°λ–Ό', 'μ„Έλ‹¨', '56λ§4321', 'νλ°μ ', 5, 70000, NULL, 'y', SYSDATE);
INSERT INTO tblRentalCar VALUES (seqRentalCar.NEXTVAL, 6, 'ν°λ¦¬μ„Έμ΄λ“', 'SUV', '67λ°”8765', 'λ””μ ¤', 7, 125000, NULL, 'y', SYSDATE);
INSERT INTO tblRentalCar VALUES (seqRentalCar.NEXTVAL, 7, 'λ¨λ‹', 'κ²½μ°¨', '78μ‚¬1234', 'νλ°μ ', 4, 55000, NULL, 'y', SYSDATE);
INSERT INTO tblRentalCar VALUES (seqRentalCar.NEXTVAL, 8, 'K5', 'μ„Έλ‹¨', '89μ•„8888', 'νλ°μ ', 5, 80000, NULL, 'y', SYSDATE);
INSERT INTO tblRentalCar VALUES (seqRentalCar.NEXTVAL, 9, 'ν¬μ‹Ό', 'SUV', '90μ5555', 'λ””μ ¤', 5, 93000, NULL, 'y', SYSDATE);
INSERT INTO tblRentalCar VALUES (seqRentalCar.NEXTVAL, 10, 'μ λ„¤μ‹μ¤ G80', 'μ„Έλ‹¨', '91μ°¨7777', 'νλ°μ ', 5, 160000, NULL, 'y', SYSDATE);


